{
	"Canada": [
		{"region": "Canada-Alberta", "name": "Airdrie"          , "type" : "city" , "province_name" : "Alberta" , "province_id" : "1"},
		{"region": "Canada-Alberta", "name": "Brooks"           , "type" : "city", "province_name" : "Alberta" , "province_id" : "1"},
		{"region": "Canada-Alberta", "name": "Calgary"          , "type" : "city", "province_name" : "Alberta" , "province_id" : "1"},
                {"region": "Canada-Alberta", "name": "Camrose"          , "type" : "city", "province_name" : "Alberta" , "province_id" : "1"},
                {"region": "Canada-Alberta", "name": "Chestermere"      , "type" : "city", "province_name" : "Alberta" , "province_id" : "1"},
                {"region": "Canada-Alberta", "name": "Cold Lake"        , "type" : "city", "province_name" : "Alberta" , "province_id" : "1"},
                {"region": "Canada-Alberta", "name": "Edmonton"         , "type" : "city", "province_name" : "Alberta" , "province_id" : "1"},
                {"region": "Canada-Alberta", "name": "Fort Saskatchewan", "type" : "city", "province_name" : "Alberta" , "province_id" : "1"},
                {"region": "Canada-Alberta", "name": "Grande Prairie"   , "type" : "city", "province_name" : "Alberta" , "province_id" : "1"},
                {"region": "Canada-Alberta", "name": "Lacombe"          , "type" : "city", "province_name" : "Alberta" , "province_id" : "1"},
                {"region": "Canada-Alberta", "name": "Leduc"            , "type" : "city", "province_name" : "Alberta" , "province_id" : "1"},
                {"region": "Canada-Alberta", "name": "Lethbridge"       , "type" : "city", "province_name" : "Alberta" , "province_id" : "1"},
                {"region": "Canada-Alberta", "name": "Lloydminster"     , "type" : "city", "province_name" : "Alberta" , "province_id" : "1"},
                {"region": "Canada-Alberta", "name": "Medicine Hat"     , "type" : "city", "province_name" : "Alberta" , "province_id" : "1"},
                {"region": "Canada-Alberta", "name": "Red Deer"         , "type" : "city", "province_name" : "Alberta" , "province_id" : "1"},
                {"region": "Canada-Alberta", "name": "Spruce Grove"     , "type" : "city", "province_name" : "Alberta" , "province_id" : "1"},
                {"region": "Canada-Alberta", "name": "St. Albert"       , "type" : "city", "province_name" : "Alberta" , "province_id" : "1"},
                {"region": "Canada-Alberta", "name": "Wetaskiwin"       , "type" : "city", "province_name" : "Alberta" , "province_id" : "1"},
                
                {"region": "Canada-Alberta", "name": "Athabasca"       , "type" : "town", "province_name" : "Alberta" , "province_id" : "1"},
                {"region": "Canada-Alberta", "name": "Banff"           , "type" : "town", "province_name" : "Alberta" , "province_id" : "1"},
                {"region": "Canada-Alberta", "name": "Barrhead"        , "type" : "town", "province_name" : "Alberta" , "province_id" : "1"},
                {"region": "Canada-Alberta", "name": "Bashaw"          , "type" : "town", "province_name" : "Alberta" , "province_id" : "1"},
                {"region": "Canada-Alberta", "name": "Bassano"         , "type" : "town", "province_name" : "Alberta" , "province_id" : "1"},
                {"region": "Canada-Alberta", "name": "Beaumont"        , "type" : "town", "province_name" : "Alberta" , "province_id" : "1"},
                {"region": "Canada-Alberta", "name": "Beaverlodge"     , "type" : "town", "province_name" : "Alberta" , "province_id" : "1"},
                {"region": "Canada-Alberta", "name": "Bentley"         , "type" : "town", "province_name" : "Alberta" , "province_id" : "1"},
                {"region": "Canada-Alberta", "name": "Black Diamond"   , "type" : "town", "province_name" : "Alberta" , "province_id" : "1"},
                {"region": "Canada-Alberta", "name": "Blackfalds"      , "type" : "town", "province_name" : "Alberta" , "province_id" : "1"},
                {"region": "Canada-Alberta", "name": "Bon Accord"      , "type" : "town", "province_name" : "Alberta" , "province_id" : "1"},
                {"region": "Canada-Alberta", "name": "Bonnyville"      , "type" : "town", "province_name" : "Alberta" , "province_id" : "1"},
                {"region": "Canada-Alberta", "name": "Bow Island"      , "type" : "town", "province_name" : "Alberta" , "province_id" : "1"},
                {"region": "Canada-Alberta", "name": "Bowden"          , "type" : "town", "province_name" : "Alberta" , "province_id" : "1"},
                {"region": "Canada-Alberta", "name": "Bruderheim"      , "type" : "town", "province_name" : "Alberta" , "province_id" : "1"},
                {"region": "Canada-Alberta", "name": "Calmar"          , "type" : "town", "province_name" : "Alberta" , "province_id" : "1"},
                {"region": "Canada-Alberta", "name": "Canmore"         , "type" : "town", "province_name" : "Alberta" , "province_id" : "1"},
                {"region": "Canada-Alberta", "name": "Cardston"        , "type" : "town", "province_name" : "Alberta" , "province_id" : "1"},
                {"region": "Canada-Alberta", "name": "Carstairs"       , "type" : "town", "province_name" : "Alberta" , "province_id" : "1"},
                {"region": "Canada-Alberta", "name": "Castor"          , "type" : "town", "province_name" : "Alberta" , "province_id" : "1"},
                {"region": "Canada-Alberta", "name": "Claresholm"      , "type" : "town", "province_name" : "Alberta" , "province_id" : "1"},
                {"region": "Canada-Alberta", "name": "Coaldale"        , "type" : "town", "province_name" : "Alberta" , "province_id" : "1"},
                {"region": "Canada-Alberta", "name": "Coalhurst"       , "type" : "town", "province_name" : "Alberta" , "province_id" : "1"},
                {"region": "Canada-Alberta", "name": "Cochrane"        , "type" : "town", "province_name" : "Alberta" , "province_id" : "1"},
                {"region": "Canada-Alberta", "name": "Coronation"      , "type" : "town", "province_name" : "Alberta" , "province_id" : "1"},
                {"region": "Canada-Alberta", "name": "Crossfield"      , "type" : "town", "province_name" : "Alberta" , "province_id" : "1"},
                {"region": "Canada-Alberta", "name": "Daysland"        , "type" : "town", "province_name" : "Alberta" , "province_id" : "1"},
                {"region": "Canada-Alberta", "name": "Devon"           , "type" : "town", "province_name" : "Alberta" , "province_id" : "1"},
                {"region": "Canada-Alberta", "name": "Didsbury"        , "type" : "town", "province_name" : "Alberta" , "province_id" : "1"},
                {"region": "Canada-Alberta", "name": "Drayton Valley"  , "type" : "town", "province_name" : "Alberta" , "province_id" : "1"},
                {"region": "Canada-Alberta", "name": "Drumheller"      , "type" : "town", "province_name" : "Alberta" , "province_id" : "1"},
                {"region": "Canada-Alberta", "name": "Eckville"        , "type" : "town", "province_name" : "Alberta" , "province_id" : "1"},
                {"region": "Canada-Alberta", "name": "Elk Point"       , "type" : "town", "province_name" : "Alberta" , "province_id" : "1"},
                {"region": "Canada-Alberta", "name": "Fairview"        , "type" : "town", "province_name" : "Alberta" , "province_id" : "1"},
                {"region": "Canada-Alberta", "name": "Falher"          , "type" : "town", "province_name" : "Alberta" , "province_id" : "1"},
                {"region": "Canada-Alberta", "name": "Fort Macleod"    , "type" : "town", "province_name" : "Alberta" , "province_id" : "1"},
                {"region": "Canada-Alberta", "name": "Fox Creek"       , "type" : "town", "province_name" : "Alberta" , "province_id" : "1"},
                {"region": "Canada-Alberta", "name": "Gibbons"         , "type" : "town", "province_name" : "Alberta" , "province_id" : "1"},
                {"region": "Canada-Alberta", "name": "Grande Cache"    , "type" : "town", "province_name" : "Alberta" , "province_id" : "1"},
                {"region": "Canada-Alberta", "name": "Granum"          , "type" : "town", "province_name" : "Alberta" , "province_id" : "1"},
                {"region": "Canada-Alberta", "name": "Grimshaw"        , "type" : "town", "province_name" : "Alberta" , "province_id" : "1"},
                {"region": "Canada-Alberta", "name": "Hanna"           , "type" : "town", "province_name" : "Alberta" , "province_id" : "1"},
                {"region": "Canada-Alberta", "name": "Hardisty"        , "type" : "town", "province_name" : "Alberta" , "province_id" : "1"},
                {"region": "Canada-Alberta", "name": "High Level"      , "type" : "town", "province_name" : "Alberta" , "province_id" : "1"},
                {"region": "Canada-Alberta", "name": "High Prairie"    , "type" : "town", "province_name" : "Alberta" , "province_id" : "1"},
                {"region": "Canada-Alberta", "name": "High River"      , "type" : "town", "province_name" : "Alberta" , "province_id" : "1"},
                {"region": "Canada-Alberta", "name": "Hinton"          , "type" : "town", "province_name" : "Alberta" , "province_id" : "1"},
                {"region": "Canada-Alberta", "name": "Innisfail"       , "type" : "town", "province_name" : "Alberta" , "province_id" : "1"},
                {"region": "Canada-Alberta", "name": "Irricana"        , "type" : "town", "province_name" : "Alberta" , "province_id" : "1"},
                {"region": "Canada-Alberta", "name": "Killam"          , "type" : "town", "province_name" : "Alberta" , "province_id" : "1"},
                {"region": "Canada-Alberta", "name": "Lamont"          , "type" : "town", "province_name" : "Alberta" , "province_id" : "1"},
                {"region": "Canada-Alberta", "name": "Legal"           , "type" : "town", "province_name" : "Alberta" , "province_id" : "1"},
                {"region": "Canada-Alberta", "name": "Magrath"         , "type" : "town", "province_name" : "Alberta" , "province_id" : "1"},
                {"region": "Canada-Alberta", "name": "Manning"         , "type" : "town", "province_name" : "Alberta" , "province_id" : "1"},
                {"region": "Canada-Alberta", "name": "Mayerthorpe"     , "type" : "town", "province_name" : "Alberta" , "province_id" : "1"},
                {"region": "Canada-Alberta", "name": "McLennan"        , "type" : "town", "province_name" : "Alberta" , "province_id" : "1"},
                {"region": "Canada-Alberta", "name": "Milk River"      , "type" : "town", "province_name" : "Alberta" , "province_id" : "1"},
                {"region": "Canada-Alberta", "name": "Millet"          , "type" : "town", "province_name" : "Alberta" , "province_id" : "1"},
                {"region": "Canada-Alberta", "name": "Morinville"      , "type" : "town", "province_name" : "Alberta" , "province_id" : "1"},
                {"region": "Canada-Alberta", "name": "Mundare"         , "type" : "town", "province_name" : "Alberta" , "province_id" : "1"},
                {"region": "Canada-Alberta", "name": "Nanton"          , "type" : "town", "province_name" : "Alberta" , "province_id" : "1"},
                {"region": "Canada-Alberta", "name": "Okotoks"         , "type" : "town", "province_name" : "Alberta" , "province_id" : "1"},
                {"region": "Canada-Alberta", "name": "Olds"            , "type" : "town", "province_name" : "Alberta" , "province_id" : "1"},
                {"region": "Canada-Alberta", "name": "Onoway"          , "type" : "town", "province_name" : "Alberta" , "province_id" : "1"},
                {"region": "Canada-Alberta", "name": "Oyen"            , "type" : "town", "province_name" : "Alberta" , "province_id" : "1"},
                {"region": "Canada-Alberta", "name": "Peace River"     , "type" : "town", "province_name" : "Alberta" , "province_id" : "1"},
                {"region": "Canada-Alberta", "name": "Penhold"         , "type" : "town", "province_name" : "Alberta" , "province_id" : "1"},
                {"region": "Canada-Alberta", "name": "Picture Butte"   , "type" : "town", "province_name" : "Alberta" , "province_id" : "1"},
                {"region": "Canada-Alberta", "name": "Pincher Creek"   , "type" : "town", "province_name" : "Alberta" , "province_id" : "1"},
                {"region": "Canada-Alberta", "name": "Ponoka"          , "type" : "town", "province_name" : "Alberta" , "province_id" : "1"},
                {"region": "Canada-Alberta", "name": "Provost"         , "type" : "town", "province_name" : "Alberta" , "province_id" : "1"},
                {"region": "Canada-Alberta", "name": "Rainbow Lake"    , "type" : "town", "province_name" : "Alberta" , "province_id" : "1"},
                {"region": "Canada-Alberta", "name": "Raymond"         , "type" : "town", "province_name" : "Alberta" , "province_id" : "1"},
                {"region": "Canada-Alberta", "name": "Redcliff"        , "type" : "town", "province_name" : "Alberta" , "province_id" : "1"},
                {"region": "Canada-Alberta", "name": "Redwater"        , "type" : "town", "province_name" : "Alberta" , "province_id" : "1"},
                {"region": "Canada-Alberta", "name": "Rimbey"          , "type" : "town", "province_name" : "Alberta" , "province_id" : "1"},
                {"region": "Canada-Alberta", "name": "Rocky Mountain House" , "type" : "town", "province_name" : "Alberta" , "province_id" : "1"},
                {"region": "Canada-Alberta", "name": "Sedgewick"       , "type" : "town", "province_name" : "Alberta" , "province_id" : "1"},
                {"region": "Canada-Alberta", "name": "Sexsmith"        , "type" : "town", "province_name" : "Alberta" , "province_id" : "1"},
                {"region": "Canada-Alberta", "name": "Slave Lake"      , "type" : "town", "province_name" : "Alberta" , "province_id" : "1"},
                {"region": "Canada-Alberta", "name": "Smoky Lake"      , "type" : "town", "province_name" : "Alberta" , "province_id" : "1"},
                {"region": "Canada-Alberta", "name": "Spirit River"    , "type" : "town", "province_name" : "Alberta" , "province_id" : "1"},
                {"region": "Canada-Alberta", "name": "St. Paul"        , "type" : "town", "province_name" : "Alberta" , "province_id" : "1"},
                {"region": "Canada-Alberta", "name": "Stavely"         , "type" : "town", "province_name" : "Alberta" , "province_id" : "1"},
                {"region": "Canada-Alberta", "name": "Stettler"        , "type" : "town", "province_name" : "Alberta" , "province_id" : "1"},
                {"region": "Canada-Alberta", "name": "Stony Plain"     , "type" : "town", "province_name" : "Alberta" , "province_id" : "1"},
                {"region": "Canada-Alberta", "name": "Strathmore"      , "type" : "town", "province_name" : "Alberta" , "province_id" : "1"},
                {"region": "Canada-Alberta", "name": "Sundre"          , "type" : "town", "province_name" : "Alberta" , "province_id" : "1"},
                {"region": "Canada-Alberta", "name": "Swan Hills"      , "type" : "town", "province_name" : "Alberta" , "province_id" : "1"},
                {"region": "Canada-Alberta", "name": "Sylvan Lake"     , "type" : "town", "province_name" : "Alberta" , "province_id" : "1"},
                {"region": "Canada-Alberta", "name": "Taber"           , "type" : "town", "province_name" : "Alberta" , "province_id" : "1"},
                {"region": "Canada-Alberta", "name": "Thorsby"         , "type" : "town", "province_name" : "Alberta" , "province_id" : "1"},
                {"region": "Canada-Alberta", "name": "Three Hills"     , "type" : "town", "province_name" : "Alberta" , "province_id" : "1"},
                {"region": "Canada-Alberta", "name": "Tofield"         , "type" : "town", "province_name" : "Alberta" , "province_id" : "1"},
                {"region": "Canada-Alberta", "name": "Trochu"          , "type" : "town", "province_name" : "Alberta" , "province_id" : "1"},
                {"region": "Canada-Alberta", "name": "Turner Valley"   , "type" : "town", "province_name" : "Alberta" , "province_id" : "1"},
                {"region": "Canada-Alberta", "name": "Two Hills"       , "type" : "town", "province_name" : "Alberta" , "province_id" : "1"},
                {"region": "Canada-Alberta", "name": "Valleyview"      , "type" : "town", "province_name" : "Alberta" , "province_id" : "1"},
                {"region": "Canada-Alberta", "name": "Vauxhall"        , "type" : "town", "province_name" : "Alberta" , "province_id" : "1"},
                {"region": "Canada-Alberta", "name": "Vegreville"      , "type" : "town", "province_name" : "Alberta" , "province_id" : "1"},
                {"region": "Canada-Alberta", "name": "Vermilion"       , "type" : "town", "province_name" : "Alberta" , "province_id" : "1"},
                {"region": "Canada-Alberta", "name": "Viking"          , "type" : "town", "province_name" : "Alberta" , "province_id" : "1"},
                {"region": "Canada-Alberta", "name": "Vulcan"          , "type" : "town", "province_name" : "Alberta" , "province_id" : "1"},
                {"region": "Canada-Alberta", "name": "Wainwright"      , "type" : "town", "province_name" : "Alberta" , "province_id" : "1"},
                {"region": "Canada-Alberta", "name": "Wembley"         , "type" : "town", "province_name" : "Alberta" , "province_id" : "1"},
                {"region": "Canada-Alberta", "name": "Westlock"        , "type" : "town", "province_name" : "Alberta" , "province_id" : "1"},
                {"region": "Canada-Alberta", "name": "Whitecourt"      , "type" : "town", "province_name" : "Alberta" , "province_id" : "1"},
                
                {"region": "Canada-British Columbia", "name": "Comox" , "type" : "town", "province_name" : "British Columbia" , "province_id" : "2"},
                {"region": "Canada-British Columbia", "name": "Creston" , "type" : "town", "province_name" : "British Columbia" , "province_id" : "2"},
                {"region": "Canada-British Columbia", "name": "Gibsons" , "type" : "town", "province_name" : "British Columbia" , "province_id" : "2"},
                {"region": "Canada-British Columbia", "name": "Golden" , "type" : "town", "province_name" : "British Columbia" , "province_id" : "2"},
                {"region": "Canada-British Columbia", "name": "Ladysmith" , "type" : "town", "province_name" : "British Columbia" , "province_id" : "2"},
                {"region": "Canada-British Columbia", "name": "Lake Cowichan" , "type" : "town", "province_name" : "British Columbia" , "province_id" : "2"},
                {"region": "Canada-British Columbia", "name": "Oliver" , "type" : "town", "province_name" : "British Columbia" , "province_id" : "2"},
                {"region": "Canada-British Columbia", "name": "Osoyoos" , "type" : "town", "province_name" : "British Columbia" , "province_id" : "2"},
                {"region": "Canada-British Columbia", "name": "Port McNeill" , "type" : "town", "province_name" : "British Columbia" , "province_id" : "2"},
                {"region": "Canada-British Columbia", "name": "Princeton" , "type" : "town", "province_name" : "British Columbia" , "province_id" : "2"},
                {"region": "Canada-British Columbia", "name": "Qualicum Beach" , "type" : "town", "province_name" : "British Columbia" , "province_id" : "2"},
                {"region": "Canada-British Columbia", "name": "Sidney" , "type" : "town", "province_name" : "British Columbia" , "province_id" : "2"},
                {"region": "Canada-British Columbia", "name": "Smithers" , "type" : "town", "province_name" : "British Columbia" , "province_id" : "2"},
                {"region": "Canada-British Columbia", "name": "View Royal" , "type" : "town", "province_name" : "British Columbia" , "province_id" : "2"},
                
                {"region": "Canada-British Columbia", "name": "Abbotsford" , "type" : "city", "province_name" : "British Columbia" , "province_id" : "2"},
                {"region": "Canada-British Columbia", "name": "Armstrong" , "type" : "city", "province_name" : "British Columbia" , "province_id" : "2"},
                {"region": "Canada-British Columbia", "name": "Burnaby" , "type" : "city", "province_name" : "British Columbia" , "province_id" : "2"},
                {"region": "Canada-British Columbia", "name": "Campbell River" , "type" : "city", "province_name" : "British Columbia" , "province_id" : "2"},
                {"region": "Canada-British Columbia", "name": "Castlegar" , "type" : "city", "province_name" : "British Columbia" , "province_id" : "2"},
                {"region": "Canada-British Columbia", "name": "Chilliwack" , "type" : "city", "province_name" : "British Columbia" , "province_id" : "2"},
                {"region": "Canada-British Columbia", "name": "Colwood" , "type" : "city", "province_name" : "British Columbia" , "province_id" : "2"},
                {"region": "Canada-British Columbia", "name": "Coquitlam" , "type" : "city", "province_name" : "British Columbia" , "province_id" : "2"},
                {"region": "Canada-British Columbia", "name": "Courtenay" , "type" : "city", "province_name" : "British Columbia" , "province_id" : "2"},
                {"region": "Canada-British Columbia", "name": "Cranbrook" , "type" : "city", "province_name" : "British Columbia" , "province_id" : "2"},
                {"region": "Canada-British Columbia", "name": "Dawson Creek" , "type" : "city", "province_name" : "British Columbia" , "province_id" : "2"},
                {"region": "Canada-British Columbia", "name": "Duncan" , "type" : "city", "province_name" : "British Columbia" , "province_id" : "2"},
                {"region": "Canada-British Columbia", "name": "Enderby" , "type" : "city", "province_name" : "British Columbia" , "province_id" : "2"},
                {"region": "Canada-British Columbia", "name": "Fernie" , "type" : "city", "province_name" : "British Columbia" , "province_id" : "2"},
                {"region": "Canada-British Columbia", "name": "Fort St. John" , "type" : "city", "province_name" : "British Columbia" , "province_id" : "2"},
                {"region": "Canada-British Columbia", "name": "Grand Forks" , "type" : "city", "province_name" : "British Columbia" , "province_id" : "2"},
                {"region": "Canada-British Columbia", "name": "Greenwood" , "type" : "city", "province_name" : "British Columbia" , "province_id" : "2"},
                {"region": "Canada-British Columbia", "name": "Kamloops" , "type" : "city", "province_name" : "British Columbia" , "province_id" : "2"},
                {"region": "Canada-British Columbia", "name": "Kelowna" , "type" : "city", "province_name" : "British Columbia" , "province_id" : "2"},
                {"region": "Canada-British Columbia", "name": "Kimberley" , "type" : "city", "province_name" : "British Columbia" , "province_id" : "2"},
                {"region": "Canada-British Columbia", "name": "Langford" , "type" : "city", "province_name" : "British Columbia" , "province_id" : "2"},
                {"region": "Canada-British Columbia", "name": "Langley" , "type" : "city", "province_name" : "British Columbia" , "province_id" : "2"},
                {"region": "Canada-British Columbia", "name": "Maple Ridge" , "type" : "city", "province_name" : "British Columbia" , "province_id" : "2"},
                {"region": "Canada-British Columbia", "name": "Merritt" , "type" : "city", "province_name" : "British Columbia" , "province_id" : "2"},
                {"region": "Canada-British Columbia", "name": "Nanaimo" , "type" : "city", "province_name" : "British Columbia" , "province_id" : "2"},
                {"region": "Canada-British Columbia", "name": "Nelson" , "type" : "city", "province_name" : "British Columbia" , "province_id" : "2"},
                {"region": "Canada-British Columbia", "name": "New Westminster" , "type" : "city", "province_name" : "British Columbia" , "province_id" : "2"},
                {"region": "Canada-British Columbia", "name": "North Vancouver" , "type" : "city", "province_name" : "British Columbia" , "province_id" : "2"},
                {"region": "Canada-British Columbia", "name": "Parksville" , "type" : "city", "province_name" : "British Columbia" , "province_id" : "2"},
                {"region": "Canada-British Columbia", "name": "Penticton" , "type" : "city", "province_name" : "British Columbia" , "province_id" : "2"},
                {"region": "Canada-British Columbia", "name": "Pitt Meadows" , "type" : "city", "province_name" : "British Columbia" , "province_id" : "2"},
                {"region": "Canada-British Columbia", "name": "Port Coquitlam" , "type" : "city", "province_name" : "British Columbia" , "province_id" : "2"},
                {"region": "Canada-British Columbia", "name": "Port Moody" , "type" : "city", "province_name" : "British Columbia" , "province_id" : "2"},
                {"region": "Canada-British Columbia", "name": "Powell River" , "type" : "city", "province_name" : "British Columbia" , "province_id" : "2"},
                {"region": "Canada-British Columbia", "name": "Prince George" , "type" : "city", "province_name" : "British Columbia" , "province_id" : "2"},
                {"region": "Canada-British Columbia", "name": "Prince Rupert" , "type" : "city", "province_name" : "British Columbia" , "province_id" : "2"},
                {"region": "Canada-British Columbia", "name": "Quesnel" , "type" : "city", "province_name" : "British Columbia" , "province_id" : "2"},
                {"region": "Canada-British Columbia", "name": "Revelstoke" , "type" : "city", "province_name" : "British Columbia" , "province_id" : "2"},
                {"region": "Canada-British Columbia", "name": "Richmond" , "type" : "city", "province_name" : "British Columbia" , "province_id" : "2"},
                {"region": "Canada-British Columbia", "name": "Rossland" , "type" : "city", "province_name" : "British Columbia" , "province_id" : "2"},
                {"region": "Canada-British Columbia", "name": "Salmon Arm" , "type" : "city", "province_name" : "British Columbia" , "province_id" : "2"},
                {"region": "Canada-British Columbia", "name": "Surrey" , "type" : "city", "province_name" : "British Columbia" , "province_id" : "2"},
                {"region": "Canada-British Columbia", "name": "Terrace" , "type" : "city", "province_name" : "British Columbia" , "province_id" : "2"},
                {"region": "Canada-British Columbia", "name": "Trail" , "type" : "city", "province_name" : "British Columbia" , "province_id" : "2"},
                {"region": "Canada-British Columbia", "name": "Vancouver" , "type" : "city", "province_name" : "British Columbia" , "province_id" : "2"},
                {"region": "Canada-British Columbia", "name": "Vernon" , "type" : "city", "province_name" : "British Columbia" , "province_id" : "2"},
                {"region": "Canada-British Columbia", "name": "Victoria" , "type" : "city", "province_name" : "British Columbia" , "province_id" : "2"},
                {"region": "Canada-British Columbia", "name": "West Kelowna" , "type" : "city", "province_name" : "British Columbia" , "province_id" : "2"},
                {"region": "Canada-British Columbia", "name": "White Rock" , "type" : "city", "province_name" : "British Columbia" , "province_id" : "2"},
                {"region": "Canada-British Columbia", "name": "Williams Lake" , "type" : "city", "province_name" : "British Columbia" , "province_id" : "2"},
                
                {"region": "Canada-Manitoba", "name": "Brandon" , "type" : "city", "province_name" : "Manitoba" , "province_id" : "3"},
                {"region": "Canada-Manitoba", "name": "Dauphin" , "type" : "city", "province_name" : "Manitoba" , "province_id" : "3"},
                {"region": "Canada-Manitoba", "name": "Flin Flon" , "type" : "city", "province_name" : "Manitoba" , "province_id" : "3"},
                {"region": "Canada-Manitoba", "name": "Morden" , "type" : "city", "province_name" : "Manitoba" , "province_id" : "3"},
                {"region": "Canada-Manitoba", "name": "Portage la Prairie" , "type" : "city", "province_name" : "Manitoba" , "province_id" : "3"},
                {"region": "Canada-Manitoba", "name": "Selkirk" , "type" : "city", "province_name" : "Manitoba" , "province_id" : "3"},
                {"region": "Canada-Manitoba", "name": "Steinbach" , "type" : "city", "province_name" : "Manitoba" , "province_id" : "3"},
                {"region": "Canada-Manitoba", "name": "Thompson" , "type" : "city", "province_name" : "Manitoba" , "province_id" : "3"},
                {"region": "Canada-Manitoba", "name": "Winkler" , "type" : "city", "province_name" : "Manitoba" , "province_id" : "3"},
                {"region": "Canada-Manitoba", "name": "Winnipeg" , "type" : "city", "province_name" : "Manitoba" , "province_id" : "3"},
                
                {"region": "Canada-Manitoba", "name": "Altona" , "type" : "town", "province_name" : "Manitoba" , "province_id" : "3"},
                {"region": "Canada-Manitoba", "name": "Arborg" , "type" : "town", "province_name" : "Manitoba" , "province_id" : "3"},
                {"region": "Canada-Manitoba", "name": "Beausejour" , "type" : "town", "province_name" : "Manitoba" , "province_id" : "3"},
                {"region": "Canada-Manitoba", "name": "Birtle" , "type" : "town", "province_name" : "Manitoba" , "province_id" : "3"},
                {"region": "Canada-Manitoba", "name": "Boissevain" , "type" : "town", "province_name" : "Manitoba" , "province_id" : "3"},
                {"region": "Canada-Manitoba", "name": "Carberry" , "type" : "town", "province_name" : "Manitoba" , "province_id" : "3"},
                {"region": "Canada-Manitoba", "name": "Churchill" , "type" : "town", "province_name" : "Manitoba" , "province_id" : "3"},
                {"region": "Canada-Manitoba", "name": "Deloraine" , "type" : "town", "province_name" : "Manitoba" , "province_id" : "3"},
                {"region": "Canada-Manitoba", "name": "Emerson" , "type" : "town", "province_name" : "Manitoba" , "province_id" : "3"},
                {"region": "Canada-Manitoba", "name": "Erickson" , "type" : "town", "province_name" : "Manitoba" , "province_id" : "3"},
                {"region": "Canada-Manitoba", "name": "Gilbert Plains" , "type" : "town", "province_name" : "Manitoba" , "province_id" : "3"},
                {"region": "Canada-Manitoba", "name": "Gillam" , "type" : "town", "province_name" : "Manitoba" , "province_id" : "3"},
                {"region": "Canada-Manitoba", "name": "Gladstone" , "type" : "town", "province_name" : "Manitoba" , "province_id" : "3"},
                {"region": "Canada-Manitoba", "name": "Grand Rapids" , "type" : "town", "province_name" : "Manitoba" , "province_id" : "3"},
                {"region": "Canada-Manitoba", "name": "Grandview" , "type" : "town", "province_name" : "Manitoba" , "province_id" : "3"},
                {"region": "Canada-Manitoba", "name": "Gretna" , "type" : "town", "province_name" : "Manitoba" , "province_id" : "3"},
                {"region": "Canada-Manitoba", "name": "Hamiota" , "type" : "town", "province_name" : "Manitoba" , "province_id" : "3"},
                {"region": "Canada-Manitoba", "name": "Hartney" , "type" : "town", "province_name" : "Manitoba" , "province_id" : "3"},
                {"region": "Canada-Manitoba", "name": "Lac du Bonnet" , "type" : "town", "province_name" : "Manitoba" , "province_id" : "3"},
                {"region": "Canada-Manitoba", "name": "Leaf Rapids" , "type" : "town", "province_name" : "Manitoba" , "province_id" : "3"},
                {"region": "Canada-Manitoba", "name": "Lynn Lake" , "type" : "town", "province_name" : "Manitoba" , "province_id" : "3"},
                {"region": "Canada-Manitoba", "name": "MacGregor" , "type" : "town", "province_name" : "Manitoba" , "province_id" : "3"},
                {"region": "Canada-Manitoba", "name": "Manitou" , "type" : "town", "province_name" : "Manitoba" , "province_id" : "3"},
                {"region": "Canada-Manitoba", "name": "Melita" , "type" : "town", "province_name" : "Manitoba" , "province_id" : "3"},
                {"region": "Canada-Manitoba", "name": "Minitonas" , "type" : "town", "province_name" : "Manitoba" , "province_id" : "3"},
                {"region": "Canada-Manitoba", "name": "Minnedosa" , "type" : "town", "province_name" : "Manitoba" , "province_id" : "3"},
                {"region": "Canada-Manitoba", "name": "Morris" , "type" : "town", "province_name" : "Manitoba" , "province_id" : "3"},
                {"region": "Canada-Manitoba", "name": "Neepawa" , "type" : "town", "province_name" : "Manitoba" , "province_id" : "3"},
                {"region": "Canada-Manitoba", "name": "Niverville" , "type" : "town", "province_name" : "Manitoba" , "province_id" : "3"},
                {"region": "Canada-Manitoba", "name": "Oak Lake" , "type" : "town", "province_name" : "Manitoba" , "province_id" : "3"},
                {"region": "Canada-Manitoba", "name": "The Pas" , "type" : "town", "province_name" : "Manitoba" , "province_id" : "3"},
                {"region": "Canada-Manitoba", "name": "Pilot Mound" , "type" : "town", "province_name" : "Manitoba" , "province_id" : "3"},
                {"region": "Canada-Manitoba", "name": "Plum Coulee" , "type" : "town", "province_name" : "Manitoba" , "province_id" : "3"},
                {"region": "Canada-Manitoba", "name": "Powerview-Pine Falls" , "type" : "town", "province_name" : "Manitoba" , "province_id" : "3"},
                {"region": "Canada-Manitoba", "name": "Rapid City" , "type" : "town", "province_name" : "Manitoba" , "province_id" : "3"},
                {"region": "Canada-Manitoba", "name": "Rivers" , "type" : "town", "province_name" : "Manitoba" , "province_id" : "3"},
                {"region": "Canada-Manitoba", "name": "Roblin" , "type" : "town", "province_name" : "Manitoba" , "province_id" : "3"},
                {"region": "Canada-Manitoba", "name": "Rossburn" , "type" : "town", "province_name" : "Manitoba" , "province_id" : "3"},
                {"region": "Canada-Manitoba", "name": "Russell" , "type" : "town", "province_name" : "Manitoba" , "province_id" : "3"},
                {"region": "Canada-Manitoba", "name": "Snow Lake" , "type" : "town", "province_name" : "Manitoba" , "province_id" : "3"},
                {"region": "Canada-Manitoba", "name": "Souris" , "type" : "town", "province_name" : "Manitoba" , "province_id" : "3"},
                {"region": "Canada-Manitoba", "name": "Ste. Anne" , "type" : "town", "province_name" : "Manitoba" , "province_id" : "3"},
                {"region": "Canada-Manitoba", "name": "Sainte Rose du Lac" , "type" : "town", "province_name" : "Manitoba" , "province_id" : "3"},
                {"region": "Canada-Manitoba", "name": "Stonewall" , "type" : "town", "province_name" : "Manitoba" , "province_id" : "3"},
                {"region": "Canada-Manitoba", "name": "Swan River" , "type" : "town", "province_name" : "Manitoba" , "province_id" : "3"},
                {"region": "Canada-Manitoba", "name": "Teulon" , "type" : "town", "province_name" : "Manitoba" , "province_id" : "3"},
                {"region": "Canada-Manitoba", "name": "Treherne" , "type" : "town", "province_name" : "Manitoba" , "province_id" : "3"},
                {"region": "Canada-Manitoba", "name": "Virden" , "type" : "town", "province_name" : "Manitoba" , "province_id" : "3"},
                {"region": "Canada-Manitoba", "name": "Winnipeg Beach" , "type" : "town", "province_name" : "Manitoba" , "province_id" : "3"},
                
                {"region": "Canada-New Brunswick", "name": "Beresford" , "type" : "town", "province_name" : "New Brunswick" , "province_id" : "4"},
                {"region": "Canada-New Brunswick", "name": "Bouctouche" , "type" : "town", "province_name" : "New Brunswick" , "province_id" : "4"},
                {"region": "Canada-New Brunswick", "name": "Caraquet" , "type" : "town", "province_name" : "New Brunswick" , "province_id" : "4"},
                {"region": "Canada-New Brunswick", "name": "Dalhousie" , "type" : "town", "province_name" : "New Brunswick" , "province_id" : "4"},
                {"region": "Canada-New Brunswick", "name": "Florenceville-Bristol" , "type" : "town", "province_name" : "New Brunswick" , "province_id" : "4"},
                {"region": "Canada-New Brunswick", "name": "Grand Bay-Westfield" , "type" : "town", "province_name" : "New Brunswick" , "province_id" : "4"},
                {"region": "Canada-New Brunswick", "name": "Grand Falls" , "type" : "town", "province_name" : "New Brunswick" , "province_id" : "4"},
                {"region": "Canada-New Brunswick", "name": "Hampton" , "type" : "town", "province_name" : "New Brunswick" , "province_id" : "4"},
                {"region": "Canada-New Brunswick", "name": "Hartland" , "type" : "town", "province_name" : "New Brunswick" , "province_id" : "4"},
                {"region": "Canada-New Brunswick", "name": "Lamèque" , "type" : "town", "province_name" : "New Brunswick" , "province_id" : "4"},
                {"region": "Canada-New Brunswick", "name": "Nackawic" , "type" : "town", "province_name" : "New Brunswick" , "province_id" : "4"},
                {"region": "Canada-New Brunswick", "name": "Oromocto" , "type" : "town", "province_name" : "New Brunswick" , "province_id" : "4"},
                {"region": "Canada-New Brunswick", "name": "Quispamsis" , "type" : "town", "province_name" : "New Brunswick" , "province_id" : "4"},
                {"region": "Canada-New Brunswick", "name": "Richibucto" , "type" : "town", "province_name" : "New Brunswick" , "province_id" : "4"},
                {"region": "Canada-New Brunswick", "name": "Riverview" , "type" : "town", "province_name" : "New Brunswick" , "province_id" : "4"},
                {"region": "Canada-New Brunswick", "name": "Rothesay" , "type" : "town", "province_name" : "New Brunswick" , "province_id" : "4"},
                {"region": "Canada-New Brunswick", "name": "Sackville" , "type" : "town", "province_name" : "New Brunswick" , "province_id" : "4"},
                {"region": "Canada-New Brunswick", "name": "Saint Andrews" , "type" : "town", "province_name" : "New Brunswick" , "province_id" : "4"},
                {"region": "Canada-New Brunswick", "name": "Saint-Léonard" , "type" : "town", "province_name" : "New Brunswick" , "province_id" : "4"},
                {"region": "Canada-New Brunswick", "name": "Saint-Quentin" , "type" : "town", "province_name" : "New Brunswick" , "province_id" : "4"},
                {"region": "Canada-New Brunswick", "name": "Shediac" , "type" : "town", "province_name" : "New Brunswick" , "province_id" : "4"},
                {"region": "Canada-New Brunswick", "name": "Shippagan" , "type" : "town", "province_name" : "New Brunswick" , "province_id" : "4"},
                {"region": "Canada-New Brunswick", "name": "St. George" , "type" : "town", "province_name" : "New Brunswick" , "province_id" : "4"},
                {"region": "Canada-New Brunswick", "name": "St. Stephen" , "type" : "town", "province_name" : "New Brunswick" , "province_id" : "4"},
                {"region": "Canada-New Brunswick", "name": "Sussex" , "type" : "town", "province_name" : "New Brunswick" , "province_id" : "4"},
                {"region": "Canada-New Brunswick", "name": "Woodstock" , "type" : "town", "province_name" : "New Brunswick" , "province_id" : "4"},
                
                
                {"region": "Canada-New Brunswick", "name": "Bathurst" , "type" : "city", "province_name" : "New Brunswick" , "province_id" : "4"},
                {"region": "Canada-New Brunswick", "name": "Campbellton" , "type" : "city", "province_name" : "New Brunswick" , "province_id" : "4"},
                {"region": "Canada-New Brunswick", "name": "Dieppe" , "type" : "city", "province_name" : "New Brunswick" , "province_id" : "4"},
                {"region": "Canada-New Brunswick", "name": "Edmundston" , "type" : "city", "province_name" : "New Brunswick" , "province_id" : "4"},
                {"region": "Canada-New Brunswick", "name": "Fredericton" , "type" : "city", "province_name" : "New Brunswick" , "province_id" : "4"},
                {"region": "Canada-New Brunswick", "name": "Miramichi" , "type" : "city", "province_name" : "New Brunswick" , "province_id" : "4"},
                {"region": "Canada-New Brunswick", "name": "Moncton" , "type" : "city", "province_name" : "New Brunswick" , "province_id" : "4"},
                {"region": "Canada-New Brunswick", "name": "Saint John" , "type" : "city", "province_name" : "New Brunswick" , "province_id" : "4"},
                
                {"region": "Canada-Newfoundland", "name": "Corner Brook" , "type" : "city", "province_name" : "Newfoundland and Labrador" , "province_id" : "5"},
                {"region": "Canada-Newfoundland", "name": "Mount Pearl" , "type" : "city", "province_name" : "Newfoundland and Labrador" , "province_id" : "5"},
                {"region": "Canada-Newfoundland", "name": "St. John's" , "type" : "city", "province_name" : "Newfoundland and Labrador" , "province_id" : "5"},
                {"region": "Canada-Newfoundland", "name": "Admirals Beach" , "type" : "town", "province_name" : "Newfoundland and Labrador" , "province_id" : "5"},
                {"region": "Canada-Newfoundland", "name": "Anchor Point" , "type" : "town", "province_name" : "Newfoundland and Labrador" , "province_id" : "5"},
                {"region": "Canada-Newfoundland", "name": "Appleton" , "type" : "town", "province_name" : "Newfoundland and Labrador" , "province_id" : "5"},
                {"region": "Canada-Newfoundland", "name": "Aquaforte" , "type" : "town", "province_name" : "Newfoundland and Labrador" , "province_id" : "5"},
                {"region": "Canada-Newfoundland", "name": "Arnold's Cove" , "type" : "town", "province_name" : "Newfoundland and Labrador" , "province_id" : "5"},
                {"region": "Canada-Newfoundland", "name": "Avondale" , "type" : "town", "province_name" : "Newfoundland and Labrador" , "province_id" : "5"},
                {"region": "Canada-Newfoundland", "name": "Badger" , "type" : "town", "province_name" : "Newfoundland and Labrador" , "province_id" : "5"},
                {"region": "Canada-Newfoundland", "name": "Baie Verte" , "type" : "town", "province_name" : "Newfoundland and Labrador" , "province_id" : "5"},
                {"region": "Canada-Newfoundland", "name": "Baine Harbour" , "type" : "town", "province_name" : "Newfoundland and Labrador" , "province_id" : "5"},
                {"region": "Canada-Newfoundland", "name": "Bauline" , "type" : "town", "province_name" : "Newfoundland and Labrador" , "province_id" : "5"},
                {"region": "Canada-Newfoundland", "name": "Bay Bulls" , "type" : "town", "province_name" : "Newfoundland and Labrador" , "province_id" : "5"},
                {"region": "Canada-Newfoundland", "name": "Bay de Verde" , "type" : "town", "province_name" : "Newfoundland and Labrador" , "province_id" : "5"},
                {"region": "Canada-Newfoundland", "name": "Bay L'Argent" , "type" : "town", "province_name" : "Newfoundland and Labrador" , "province_id" : "5"},
                {"region": "Canada-Newfoundland", "name": "Bay Roberts" , "type" : "town", "province_name" : "Newfoundland and Labrador" , "province_id" : "5"},
                {"region": "Canada-Newfoundland", "name": "Baytona" , "type" : "town", "province_name" : "Newfoundland and Labrador" , "province_id" : "5"},
                {"region": "Canada-Newfoundland", "name": "Beachside" , "type" : "town", "province_name" : "Newfoundland and Labrador" , "province_id" : "5"},
                {"region": "Canada-Newfoundland", "name": "Bellburns" , "type" : "town", "province_name" : "Newfoundland and Labrador" , "province_id" : "5"},
                {"region": "Canada-Newfoundland", "name": "Belleoram" , "type" : "town", "province_name" : "Newfoundland and Labrador" , "province_id" : "5"},
                {"region": "Canada-Newfoundland", "name": "Birchy Bay" , "type" : "town", "province_name" : "Newfoundland and Labrador" , "province_id" : "5"},
                {"region": "Canada-Newfoundland", "name": "Bird Cove" , "type" : "town", "province_name" : "Newfoundland and Labrador" , "province_id" : "5"},
                {"region": "Canada-Newfoundland", "name": "Bishop's Cove" , "type" : "town", "province_name" : "Newfoundland and Labrador" , "province_id" : "5"},
                {"region": "Canada-Newfoundland", "name": "Bishop's Falls" , "type" : "town", "province_name" : "Newfoundland and Labrador" , "province_id" : "5"},
                {"region": "Canada-Newfoundland", "name": "Bonavista" , "type" : "town", "province_name" : "Newfoundland and Labrador" , "province_id" : "5"},
                {"region": "Canada-Newfoundland", "name": "Botwood" , "type" : "town", "province_name" : "Newfoundland and Labrador" , "province_id" : "5"},
                {"region": "Canada-Newfoundland", "name": "Branch" , "type" : "town", "province_name" : "Newfoundland and Labrador" , "province_id" : "5"},
                {"region": "Canada-Newfoundland", "name": "Brent's Cove" , "type" : "town", "province_name" : "Newfoundland and Labrador" , "province_id" : "5"},
                {"region": "Canada-Newfoundland", "name": "Brighton" , "type" : "town", "province_name" : "Newfoundland and Labrador" , "province_id" : "5"},
                {"region": "Canada-Newfoundland", "name": "Brigus" , "type" : "town", "province_name" : "Newfoundland and Labrador" , "province_id" : "5"},
                {"region": "Canada-Newfoundland", "name": "Bryant's Cove" , "type" : "town", "province_name" : "Newfoundland and Labrador" , "province_id" : "5"},
                {"region": "Canada-Newfoundland", "name": "Buchans" , "type" : "town", "province_name" : "Newfoundland and Labrador" , "province_id" : "5"},
                {"region": "Canada-Newfoundland", "name": "Burgeo" , "type" : "town", "province_name" : "Newfoundland and Labrador" , "province_id" : "5"},
                {"region": "Canada-Newfoundland", "name": "Burin" , "type" : "town", "province_name" : "Newfoundland and Labrador" , "province_id" : "5"},
                {"region": "Canada-Newfoundland", "name": "Burlington" , "type" : "town", "province_name" : "Newfoundland and Labrador" , "province_id" : "5"},
                {"region": "Canada-Newfoundland", "name": "Burnt Islands" , "type" : "town", "province_name" : "Newfoundland and Labrador" , "province_id" : "5"},
                {"region": "Canada-Newfoundland", "name": "Campbellton" , "type" : "town", "province_name" : "Newfoundland and Labrador" , "province_id" : "5"},
                {"region": "Canada-Newfoundland", "name": "Cape Broyle" , "type" : "town", "province_name" : "Newfoundland and Labrador" , "province_id" : "5"},
                {"region": "Canada-Newfoundland", "name": "Cape St. George" , "type" : "town", "province_name" : "Newfoundland and Labrador" , "province_id" : "5"},
                {"region": "Canada-Newfoundland", "name": "Carbonear" , "type" : "town", "province_name" : "Newfoundland and Labrador" , "province_id" : "5"},
                {"region": "Canada-Newfoundland", "name": "Carmanville" , "type" : "town", "province_name" : "Newfoundland and Labrador" , "province_id" : "5"},
                {"region": "Canada-Newfoundland", "name": "Cartwright" , "type" : "town", "province_name" : "Newfoundland and Labrador" , "province_id" : "5"},
                {"region": "Canada-Newfoundland", "name": "Centreville-Wareham-Trinity" , "type" : "town", "province_name" : "Newfoundland and Labrador" , "province_id" : "5"},
                {"region": "Canada-Newfoundland", "name": "Chance Cove" , "type" : "town", "province_name" : "Newfoundland and Labrador" , "province_id" : "5"},
                {"region": "Canada-Newfoundland", "name": "Change Islands" , "type" : "town", "province_name" : "Newfoundland and Labrador" , "province_id" : "5"},
                {"region": "Canada-Newfoundland", "name": "Channel-Port aux Basques" , "type" : "town", "province_name" : "Newfoundland and Labrador" , "province_id" : "5"},
                {"region": "Canada-Newfoundland", "name": "Chapel Arm" , "type" : "town", "province_name" : "Newfoundland and Labrador" , "province_id" : "5"},
                {"region": "Canada-Newfoundland", "name": "Charlottetown (Labrador)" , "type" : "town", "province_name" : "Newfoundland and Labrador" , "province_id" : "5"},
                {"region": "Canada-Newfoundland", "name": "Clarenville" , "type" : "town", "province_name" : "Newfoundland and Labrador" , "province_id" : "5"},
                {"region": "Canada-Newfoundland", "name": "Clarke's Beach" , "type" : "town", "province_name" : "Newfoundland and Labrador" , "province_id" : "5"},
                {"region": "Canada-Newfoundland", "name": "Coachman's Cove" , "type" : "town", "province_name" : "Newfoundland and Labrador" , "province_id" : "5"},
                {"region": "Canada-Newfoundland", "name": "Colinet" , "type" : "town", "province_name" : "Newfoundland and Labrador" , "province_id" : "5"},
                {"region": "Canada-Newfoundland", "name": "Colliers" , "type" : "town", "province_name" : "Newfoundland and Labrador" , "province_id" : "5"},
                {"region": "Canada-Newfoundland", "name": "Come By Chance" , "type" : "town", "province_name" : "Newfoundland and Labrador" , "province_id" : "5"},
                {"region": "Canada-Newfoundland", "name": "Comfort Cove-Newstead" , "type" : "town", "province_name" : "Newfoundland and Labrador" , "province_id" : "5"},
                {"region": "Canada-Newfoundland", "name": "Conception Bay South" , "type" : "town", "province_name" : "Newfoundland and Labrador" , "province_id" : "5"},
                {"region": "Canada-Newfoundland", "name": "Conception Harbour" , "type" : "town", "province_name" : "Newfoundland and Labrador" , "province_id" : "5"},
                {"region": "Canada-Newfoundland", "name": "Conche" , "type" : "town", "province_name" : "Newfoundland and Labrador" , "province_id" : "5"},
                {"region": "Canada-Newfoundland", "name": "Cook's Harbour" , "type" : "town", "province_name" : "Newfoundland and Labrador" , "province_id" : "5"},
                {"region": "Canada-Newfoundland", "name": "Cormack" , "type" : "town", "province_name" : "Newfoundland and Labrador" , "province_id" : "5"},
                {"region": "Canada-Newfoundland", "name": "Cottlesville" , "type" : "town", "province_name" : "Newfoundland and Labrador" , "province_id" : "5"},
                {"region": "Canada-Newfoundland", "name": "Cow Head" , "type" : "town", "province_name" : "Newfoundland and Labrador" , "province_id" : "5"},
                {"region": "Canada-Newfoundland", "name": "Cox's Cove" , "type" : "town", "province_name" : "Newfoundland and Labrador" , "province_id" : "5"},
                {"region": "Canada-Newfoundland", "name": "Crow Head" , "type" : "town", "province_name" : "Newfoundland and Labrador" , "province_id" : "5"},
                {"region": "Canada-Newfoundland", "name": "Cupids" , "type" : "town", "province_name" : "Newfoundland and Labrador" , "province_id" : "5"},
                {"region": "Canada-Newfoundland", "name": "Daniel's Harbour" , "type" : "town", "province_name" : "Newfoundland and Labrador" , "province_id" : "5"},
                {"region": "Canada-Newfoundland", "name": "Deer Lake" , "type" : "town", "province_name" : "Newfoundland and Labrador" , "province_id" : "5"},
                {"region": "Canada-Newfoundland", "name": "Dover" , "type" : "town", "province_name" : "Newfoundland and Labrador" , "province_id" : "5"},
                {"region": "Canada-Newfoundland", "name": "Brighton" , "type" : "town", "province_name" : "Newfoundland and Labrador" , "province_id" : "5"},
                {"region": "Canada-Newfoundland", "name": "Brighton" , "type" : "town", "province_name" : "Newfoundland and Labrador" , "province_id" : "5"},
                {"region": "Canada-Newfoundland", "name": "Brighton" , "type" : "town", "province_name" : "Newfoundland and Labrador" , "province_id" : "5"},
                {"region": "Canada-Newfoundland", "name": "Brighton" , "type" : "town", "province_name" : "Newfoundland and Labrador" , "province_id" : "5"},
                {"region": "Canada-Newfoundland", "name": "Brighton" , "type" : "town", "province_name" : "Newfoundland and Labrador" , "province_id" : "5"},
                {"region": "Canada-Newfoundland", "name": "Brighton" , "type" : "town", "province_name" : "Newfoundland and Labrador" , "province_id" : "5"},
                {"region": "Canada-Newfoundland", "name": "Brighton" , "type" : "town", "province_name" : "Newfoundland and Labrador" , "province_id" : "5"},
                {"region": "Canada-Newfoundland", "name": "Brighton" , "type" : "town", "province_name" : "Newfoundland and Labrador" , "province_id" : "5"},
                {"region": "Canada-Newfoundland", "name": "Brighton" , "type" : "town", "province_name" : "Newfoundland and Labrador" , "province_id" : "5"},
                {"region": "Canada-Newfoundland", "name": "Brighton" , "type" : "town", "province_name" : "Newfoundland and Labrador" , "province_id" : "5"},
                {"region": "Canada-Newfoundland", "name": "Brighton" , "type" : "town", "province_name" : "Newfoundland and Labrador" , "province_id" : "5"},
                {"region": "Canada-Newfoundland", "name": "Brighton" , "type" : "town", "province_name" : "Newfoundland and Labrador" , "province_id" : "5"},
                {"region": "Canada-Newfoundland", "name": "Brighton" , "type" : "town", "province_name" : "Newfoundland and Labrador" , "province_id" : "5"},
                {"region": "Canada-Newfoundland", "name": "Brighton" , "type" : "town", "province_name" : "Newfoundland and Labrador" , "province_id" : "5"},
                {"region": "Canada-Newfoundland", "name": "Brighton" , "type" : "town", "province_name" : "Newfoundland and Labrador" , "province_id" : "5"},
                {"region": "Canada-Newfoundland", "name": "Brighton" , "type" : "town", "province_name" : "Newfoundland and Labrador" , "province_id" : "5"},
                {"region": "Canada-Newfoundland", "name": "Brighton" , "type" : "town", "province_name" : "Newfoundland and Labrador" , "province_id" : "5"},
                {"region": "Canada-Newfoundland", "name": "Brighton" , "type" : "town", "province_name" : "Newfoundland and Labrador" , "province_id" : "5"},
                {"region": "Canada-Newfoundland", "name": "Brighton" , "type" : "town", "province_name" : "Newfoundland and Labrador" , "province_id" : "5"}
                
                
                
   
                    
	],
	"America": [
		{"region": "Alberta", "name": "Airdrie" , "type" : "city"},
		{"region": "Alberta", "name": "Brooks", "type" : "city"},
		{"region": "Alberta", "name": "Diana Prince", "type" : "city"}
	]
}